LINEA;ESTACION;ARTISTA;TECNICA;PERIODO;NOMBRE_DE_LAS_OBRAS;OBSERVACIONES
A;PLAZA DE MAYO;MARTIN RON, TRIANGULO DORADO;MURAL IN SITU;2013;RON: LA JUSTICIA, SIN TITULO (1), FUERZA, SIN TITULO (2), SIN TITULO (3). TRIANGULO DORADO: LA TUNA, ATAHUALPA YUPANQUI, LIBERTAD, HOMENAJE A PUEBLOS ORIGINARIOS, HOMENAJE A PUEBLOS ORIGINARIOS (2), HOMENAJE A PUEBLOS ORIGINARIOS (3), SIN TITULO, SIN TITULO (2).;
A;PERU;PEDRO CUEVAS;MURAL IN SITU;2014;SIN TITULO;
A;PASILLO DE COMBINACION CON LINEAS D Y E;QUINO;MURAL CERAMICO;2007;EL MUNDO DE MAFALDA;
A;PIEDRAS;ANA MARIA MONCALVO;MURAL CERAMICO;1971;LOS CAFES DE BUENOS AIRES;
A;PIEDRAS;MIGUEL D'ARIENZO;REPRODUCCION;2013;PALIMPSESTO, VAN GOGH EN EL IBERA, EL JARDIN DE LOS PINTORES (DETALLE), EL JARDIN DE LOS PINTORES II (DETALLE), EL JARDIN FEDERAL, LA CANTANTE DE BOLEROS, VIAJE AL FIN DEL MUNDO, LA OPERA DE CARMEN, MADAME BUTTERFLY, GARDEN NIGHT IN THE MALVINA’S ISLANDS, LA COMEDIA NACIONAL, L'OPERA EVITA, VOLVERE Y SERE HUICHI, EL JARDIN DE FRIDA.;
A;LIMA;GUSTAVO GODOY;REPRODUCCION;2013;CLEO, DESPREOCUPADA, EL VIAJE, ESLABON PERDIDO, ESLABON PERDIDO II, GREEN PAZ, LA PROMESA, MIRTOLINA, RING, ULA-UL.;
A;LIMA;HORACIO ALTUNA;MURAL CERAMICO;2002;GENTE DE BUENOS AIRES;
A;LIMA;HERMENEGILDO SABAT;MURAL CERAMICO;2007;MUSICOS DE BUENOS AIRES I, II Y III.;
A;SAENZ PEÑA;MARTA MINUJIN;REPRODUCCION;2013;"ALL THE LOVELY PEOPLE; AUTORRETRATO; BRASA ARDIENTE; CARLOS GARDEL DE FUEGO; COLCHONES; DESDE GRECIA HASTA EL RENACIMIENTO CON AMOR; EL OBELISCO DE PAN DULCE; EL PARTENON DE LIBROS; FREAKING IN FLUO; GEOMETRIA BLANDA; IMPACTO A LA MEMORIA; KIDNAPPENING; PAGO DE LA DEUDA EXTERNA A ANDY WARHOL (CON CHOCLOS, EL ORO LATINOAMERICANO); ROSTROS EN ESCORZO DIVIDIENDOSE Y MULTIPLICANDOSE; TORRE DE BABEL DE LIBROS; VERSION 4 DE FEBRERO.";
A;SAENZ PEÑA;SILVANA SICA;MURAL CERAMICO;2016;"NUESTRA SEÑORA DE LA PIEDAD; BEATA MARIA ANTONIA DE SAN JOSE, MAMA ANTULA";
A;CONGRESO;CARLOS NINE;MURAL CERAMICO;2010;EL NACIMIENTO DE LA PATRIA (SERIE), ACERCAMIENTO AL PUERTO DE BUENOS AIRES, LA CAMPIÑA CON SUS PERSONAJES TIPICOS, NATURALEZA MUERTA REVOLUCIONARIA, PAISANA CON HIJO EN EL RANCHO.;
A;PLAZA MISERERE;JACQUES BEDEL;MURAL EN VENECITAS;2013;SUMA STELLARUM;
A;PLAZA MISERERE;ABEL JORGE MAGNANI;MURAL CERAMICO;1998;FACHADA ORIGINAL ESTACION 11 DE SEPTIEMBRE;
A;PLAZA MISERERE;GEORGINA CIOTTI, NAZZA, RUN DON T WALK, TRIANGULO DORADO, STENCILAND Y MARTIN RON;MURAL IN SITU, STENCIL;2013;"RON: SIN TITULO (1), SIN TITULO (2). CIOTTI: SIN TITULO. NAZZA: NATIVA. RDW & STENCILAND: GARDEL GAUCHO;GAUCHO EN MOTO;HOMENAJE A BANKSY;SURICATAS; SIN TITULO (1); SIN TITULO (2); SIN TITULO (3); SIN TITULO (4); SIN TITULO (5); SIN TITULO (6); SIN TITULO (7); SIN TITULO (8); SIN TITULO (9); SIN TITULO (10); SIN TITULO (11); SIN TITULO (12); SIN TITULO (13); TRAGEDIA DE ONCE. TRIANGULO DORADO: TU BASURA ES MI TESORO. TU TESORO ES MI BASURA; ARMONIA.";ARTISTAS URBANOS
A;PLAZA MISERERE;PROYECTO SUMA;REPRODUCCION;2016;LOS AMANTES;
A;LORIA;SBASE;REPRODUCCION;2013;SIN TITULO;
A;LORIA;YANINA FERNANDEZ;PINTURA DIGITAL;2016;SUBTERRANEO PICTORICO;
A;CASTRO BARROS;JULIO LAVALLEN;REPRODUCCION;2013;SERIE BOXEO 1, SERIE BOXEO 2, SERIE BOXEO 3, SERIE BOXEO 4,  SERIE BOXEO 5, SERIE BOXEO 6, SERIE BOXEO 7, SERIE BOXEO 8, SERIE BOXEO 9, SERIE BOXEO 10,  SERIE BOXEO 11, BOXEO, BOXEADORES;
A;RIO DE JANEIRO;BENITO QUINQUELA MARTIN;REPRODUCCION;2013;A PLENO SOL, CREPUSCULO, DIA DE TRABAJO, FUNDICION DE ACERO (DETALLE), INCENDIO EN LA BOCA, MOTIVO DE PUERTO (DETALLE), MOTIVO DE PUERTO, TORMENTA CON SOL, VELEROS REUNIDOS;
A;ACOYTE;CLAUDIO GALLINA;REPRODUCCION, OBRA ORIGINAL;2013;CALESITA RETRO, LA SALIDA DEL COLE, TE LLEVARE ME LLEVARAS, EQUILIBRIO, SIN TITULO 5, SIN TITULO 6, LOS COMPLICES, SIN TITULO 1 (ORIGINAL), SIN TITULO 2, SIN TITULO 3, SIN TITULO 4, FILOSOFOS, EQUILIBIRISTA, CACHURRA, ARCO IRIS;
A;PRIMERA JUNTA;ALEXIS WOLCOFF ;MURAL MULTISENSORIAL;2016;EDUCACION INCLUSIVA;
A;PUAN;POETA, ROMA, TRIANGULO DORADO, EVER, NAZZA, JAZ;STENCIL, GRAFFITI Y CHARACTER ART;2008;MURAL HOMENAJE A PACO URONDO. GRAFFITI;ARTISTAS URBANOS - OBRA COLECTIVA
A;CARABOBO;PARBO, TEC, DEFI, CHU, PMP, NAZZA, LARVA, GUALICHO, PUM PUM, SONNI, ZUMI;MURAL IN SITU;2008;SIN TITULO;ARTISTAS URBANOS - OBRA COLECTIVA
A;SAN JOSE DE FLORES;GUILLERMO ROUX;REPRODUCCION;2013;"LA CONSTITUCION GUIA AL PUEBLO; EL ABRAZO IV, EL ABRAZO V; EL TENISTA; EL PAÑO AMARILLO; LA GIOCONDA; MADAME RECAMIER; LA BANDA; HOMENAJE A BUENOS AIRES; NATURALEZA BARROCA CON HIBISCUS; PAISAJE ETNA; LA ORQUESTA DE BLUM; BLUE; EL ABRAZO; LA RONDA; AUTORRETRATO; SILLON AZUL; FUTBOLISTAS; MADRE PERSA.";
A;SAN JOSE DE FLORES;ADRIAN PALLAROLS;PLATA FORJADA Y CINCELADO;2016;UN OLIVO POR LA PAZ;
A;SAN JOSE DE FLORES;JULIO LAVALLEN;ACERO;2016;MISERANDO ATQUE ELIGENDO;
A;SAN PEDRITO;EUGENIO CUTTICA ;REPRODUCCION;2013;"LUNA Y CORONA DE NOVIA; VECINOS ILUSTRES DE FLORES.";
A;SAN PEDRITO;ANTONIO PUJIA;FUNDIDO EN BRONCE;2015;SIN TITULO;
B;JUAN MANUEL DE ROSAS;ANDRES WAISSMAN, JULIO LAVALLEN;REPRODUCCION;2013;JULIO LAVALLEN: TROPILLAS. ENCUENTROS DE TROPILLAS. ANDRES WAISSMAN: MULTITUDES;
B;ECHEVERRIA;CAROLINA ANTONIADIS;REPRODUCCION;2013;SIN TITULO;
B;DE LOS INCAS- PARQUE CHAS;ARMANDO DAMIAN DILON, MARIA EGGERS LAN;;2003;SIN TITULO;
B;TRONADOR V. ORTUZAR;ROBERTO JOSE SOLER;VITREAUX;2003;CHACRA DE LOS JESUITAS, LA QUINTA DE ORTUZAR, CHACARITA DE LOS COLEGIALES, TRANVIA DE CABALLOS, ESCUELA MARIANO ACHA, TRANVIA ELECTRICO, HOSPITAL DR. ENRIQUE TORNU, ESTACION METEOROLOGICA, IGLESIA SAN ROQUE, FUTBOL EN EL BARRIO, LACITOS DE HIERRO, EL PROGRESO AVANZA, VANGUARDIA LITERARIA, PLAZA 25 DE AGOSTO, BARRIO FABRIL, VECINOS TANGUEROS, PLAZA ANTONIO MALAVER, ESCUDO BARRIAL DE 1992.;
B;FEDERICO LACROZE;ARTISTAS URBANOS;MURAL IN SITU ;2014;SIN TITULO;
B;FEDERICO LACROZE;GUSTAVO GRÜNIG;MURAL CERAMICO;1991;EL DESATINO;
B;FEDERICO LACROZE;ESCUELA NRO 22;MURAL CERAMICO;1983;NIÑOS JUGANDO EN UNA PLAZA;
B;FEDERICO LACROZE;EMMA GARGIULO;MURAL CERAMICO;1991;EL SEÑOR DE LAS MOSCAS;
B;DORREGO;FEDERICO BACHER; MURAL IN SITU;2014;BOSQUE SUBTERRANEO;
B;DORREGO;ROBERTO SCAFIDI;MURAL CERAMICO ;1991;EL TIGRE;
B;DORREGO;ESCUELA NRO 22 AGRONOMIA;MURAL CERAMICO ;1991;ESCENA DE CAMPO;
B;DORREGO;JOSE MARIA CACERES;MURAL CERAMICO ;1991;CANTO DE AMOR PARA AMERICA LATINA;
B;DORREGO;MILDRED BURTON;MURAL CERAMICO ;1991;HOMENAJE A TRES NIÑAS INMOLADAS: GIMENA HERNANDEZ, NAHIR MOSTAFA, MARIA SOLEDAD MORALES;
B;MALABIA- PUGLIESE;GEORGINA CIOTTI, LULA MARI;MURAL IN SITU;2015;INSTINTO;COLABORADORES: AYELEN DAVAGNA, MARTIN NIEVA, SOFIA MELE, WANNO
B;MALABIA- PUGLIESE;EMILIANO MARIANI;MURAL IN SITU;2015;POR EL CAMINO DEL DIABLO;
B;MALABIA- PUGLIESE;LUZ ZORRAQUIN;MURAL CERAMICO;1991;METAMORFOSIS DE FLOR A TORNILLO;
B;ANGEL GALLARDO;MARGARITA PAKSA;MURAL CERAMICO;1991;FLORES DE MI PAIS;
B;ANGEL GALLARDO;MARCIA SCHVARTZ CLEMENTI;MURAL CERAMICO;1991;SIN TITULO;
B;ANGEL GALLARDO;JUAN JOSE CAMBRE;MURAL CERAMICO;1991;EL DUENDE ESTA EN CADA MOVIMIENTO DE NUESTRAS VIDAS;
B;ANGEL GALLARDO; NAZZA;MURAL IN SITU, STENCIL;2014;SIN TITULO;
B;MEDRANO;MARTIN RON;MURAL IN SITU;2015;SIN TITULO;
B;MEDRANO;RICARDO ROUX;MURAL CERAMICO;1991;SIN TITULO;
B;MEDRANO;LUIS WELLS;MURAL CERAMICO;1991;SIN TITULO;
B;MEDRANO;JUAN PABLO RENZI;MURAL CERAMICO;1991;DURANTE LA CRIMINAL GUERRA DEL GOLFO ;
B;CARLOS GARDEL;MARINO SANTA MARIA;MURAL EN VENECITAS;2015;"DOS POR CUATRO BANDONEON; GARDEL DE BUENOS AIRES; GARDEL HAY UNO SOLO; TANGO DE A DOS.";
B;CARLOS GARDEL;LEON UNTROIB;MURAL ACRILICO;1985;ETERNO EN EL ALMA Y EN EL TIEMPO;
B;CARLOS GARDEL;ANDRES COMPAGNUCCI ;MURAL CERAMICO;1999;GARDEL POR TRES, ABASTO;
B;CARLOS GARDEL;ESCUELA NRO 22 AGRONOMIA;MURAL CERAMICO;1985;ORQUESTA TIPICA;
B;CARLOS GARDEL;CARLOS PAEZ VILARO;MURAL CERAMICO;1998;HOMENAJE A BUENOS AIRES, MI BUENOS AIRES QUERIDO.;
B;PUEYRREDON;MAPI DE AUBEYZON;MURAL IN SITU;2014;SIN TITULO;
B;PUEYRREDON;ERNESTO PESCE;MURAL CERAMICO ;;SUBCIELO DE BUENOS AIRES;
B;PUEYRREDON;JUAN DOFFO;MURAL CERAMICO ;1991;LOS ELEMENTOS;
B;PUEYRREDON;GERMAN GARGANO;MURAL CERAMICO ;1991;SANTUARIO;
B;PUEYRREDON;PERDOMO;MURAL CERAMICO ;1985;ILUSION 35;
B;PASTEUR-AMIA;SANTIAGO AGUSTIN CORNEJO, JORGE LEPERA DANIEL CAMPOS, RAUL ALBERTO ANTONIO GIECO, MIGUEL REP, FERNANDO JAVIER SENDRA, RICARDO LINIERS SIRI, ROBERTO FONTANARROSA, MARCELO DANIEL RUDAEFF, BUENOS AIRES STENCIL, EDUARDO OMAR CAMPILONGO, DANIEL PAZ, MAITENA BURUNDARENA , GOMEZ LABORDE TABARE, JUAN MATIAS LOISEAU, ANTONIO MONGIELLO RICCI, SERGIO LANGER, RICARDO COHEN, CARLOS LOISEAU CALOI, HORACIO ALTUNA, HERMENEGILDO SABAT, EMILIANO MILIYO, ALFREDO GRONDONA WHITE Y SRGIO IZQUIERDO BROWN;REPRODUCCION;2015;HOMENAJE A LAS VICTIMAS DEL ATENTADO A LA AMIA;24 ARTISTAS
B;PASTEUR-AMIA;CARLOS BENVENUTO;MURAL CERAMICO;;A LA MADRE;
B;CALLAO;"DARIO SUAREZ (MALATESTA); SANTIAGO SPIRITO (CABAIO) ";REPRODUCCION;2014;CLASH WALL BUENOS AIRES;
B;CALLAO;TOMAS FRACCHIA;MURAL CERAMICO;1991;EL ENIGMA DEL ESPACIO Y DEL TIEMPO;
B;CALLAO;HECTOR MEANA;MURAL CERAMICO;1991;ALTAR PORTEÑO;
B;CALLAO;DANIEL KAPLAN;MURAL CERAMICO;1991;DESOLACION Y AMOR;
B;CALLAO;CONVERSE;REPRODUCCION;2014;SIN TITULO;
B;URUGUAY;CLAUDIO BALDRICH;MURAL IN SITU;2014;SIN TITULO;
B;URUGUAY;HECTOR MEANA, TOMAS FRACCHIA;MURAL CERAMICO;1991;HEROES DE COMIC: CASCARUDOS Y LANZARRAYOS.;
B;URUGUAY;ESCUELA NRO 22 AGRONOMIA;MURAL CERAMICO;1991;A LA CREACION DE EMILIO BREDA;
B;URUGUAY;CRIST;MURAL CERAMICO;1991;TANGUEROS Y MILONGUEROS;
B;URUGUAY;ROBERTO FONTANARROSA;MURAL CERAMICO;1991;INODORO PEREYRA Y MENDIETA;
B;CARLOS PELLEGRINI;PABLO SIQUIER;MURAL CERAMICO;2009;908;
B;FLORIDA;GENOVEVA FERNANDEZ;REPRODUCCION, MURAL IN SITU;2014;SIN TITULO;
B;FLORIDA;DANTE QUINTERNO;MURAL CERAMICO;1998;PATORUZU Y PATORUZITO ;
B;LEANDRO N. ALEM;IGNACIO DE LUCCA;MURAL IN SITU, MURAL CERAMICO, REPRODUCCION;2014;SIN TITULO;
B;FEDERICO LACROZE A URUGUAY;COLECTIVO DADA ;MURAL IN SITU;2014;SIN TITULO;
B;GALERIAS COMERCIALES;MANUEL AMEZTOY, ERNESTO ARELLANO;MURAL CERAMICO;2014;SPLASHING NEWTON;
B;GALERIAS COMERCIALES;NIK;REPRODUCCION;2014;GATURRO;
C;RETIRO;FERNANDO ALLIEVI;MURAL CERAMICO;1998;HISTORIA DEL SABADO, LAS MASCARAS Y LAS PRIMERAS LUCES.;
C;RETIRO;FERNANDO PUELLES;REPRODUCCION;2015;MURAL DE LA SONRISA;
C;RETIRO;EMILIANO MILIYO;MOSAICO VENECIANO;2016;BUENOS AIRES, MOSAICO DE IDENTIDADES;CURADOR: ELIO KAPSZUK
C;GRAL. SAN MARTIN;RODOLFO MEDINA;BAJO RELIEVE;1969;LA GESTA SANMARTINIANA;
C;GRAL. SAN MARTIN;LUIS FERNANDO BENEDIT;MURAL CERAMICO;2000;EL SUR;
C;GRAL. SAN MARTIN;LUIS FELIPE NOE;MURAL CERAMICO;2006;INTRODUCCION HISTORICA;
C;GRAL. SAN MARTIN;MARCELA MOUJAN;MOSAICO VENECIANO;2015;"PAMPA, SOJA, CEIBO, QUINOTO, SAUCE LLORON;  PAMPA, PASTIZALES,JACARANDA, PALO BORRACHO";
C;LAVALLE;MARTIN NOEL, MANUEL J. ESCASANY;MURAL CERAMICO;1934;PAISAJES DE ESPAÑA: PAISAJES DE ESPAÑA: LERIDA, ARAGON, BARCELONA Y MONSERRAT. PAISAJES DE ESPAÑA: ALICANTE, VALENCIA, TERUEL, HUESCA Y ZARAGOZA.;
C;DIAGONAL NORTE;MARTIN NOEL, MANUEL J. ESCASANY;MURAL CERAMICO;1934;"PAISAJES DE ESPAÑA: AVILA, TOLEDO, SORIA ; PAISAJES DE ESPAÑA: BURGOS, MADRID Y ARANJUEZ";
C;AV. DE MAYO;IGNACIO ZULOAGA ZABALETA;MURAL CERAMICO;1934;EL ACUEDUCTO ROMANO DE SEGOVIA;
C;AV. DE MAYO;FERNANDO ALVAREZ DE SOTOMAYOR;MURAL CERAMICO;1934;ESPAÑA-ARGENTINA MCMXXXIV;
C;MORENO;MARTIN NOEL, MANUEL J. ESCASANY;MURAL CERAMICO;1934;PAISAJES DE ESPAÑA: BILBAO, SANTANDER, SAN SEBASTIAN, ALAVA Y NAVARRA. PAISAJES DE ESPAÑA: SANTIAGO, LUGO, ASTURIAS Y SANTANDER.;
C;INDEPENDENCIA;MARTIN NOEL, MANUEL J. ESCASANY;MURAL CERAMICO;1934;"PAISAJES DE ESPAÑA: SEVILLA;  PAISAJES DE ESPAÑA: GRANADA, CORDOBA, RONDA, PALOS Y HUELVA";
C;SAN JUAN;MARTIN NOEL, MANUEL J. ESCASANY;MURAL CERAMICO;1934;PAISAJES DE ESPAÑA: ZAMORA, SALAMANCA Y LEON. PAISAJES DE ESPAÑA: LEVANTE, ALBACETE, MURCIA Y VALENCIA. ;
C;CONSTITUCION;PEREZ CELIS;;;;PROXIMAMENTE
C;CONSTITUCION;FLORENCIO MOLINA CAMPOS;MURAL CERAMICO;1998;"BEYAQUIANDO JUERTE; PA NUEVOS HORIZONTES; EL DE LAJ ONCE Y SAIS.";
C;CONSTITUCION;DIRECCION GENERAL DE LA MUJER;MURAL IN SITU;2014;DUELE EL DESARRAIGO PERO MAS DUELE TU RECHAZO;
C;CONSTITUCION;MARIANA GABOR;MURAL IN SITU;2016;ESCLAVITUD TEXTIL Y ELLAS. NOSOTRAS. TRATADAS;COLABORADORES: BRIAN BARRIONUEVO, JULIETA CAPECE, MARCOS FERNANDEZ, AYELEN RIQUE, SOL SEVERI
D;CONGRESO DE TUCUMAN;"LUIS PERLOTTI; JUAN CARLOS FERRARO";BUSTOS;2000;BUSTOS DE PERSONALIDADES DE LA HISTORIA ARGENTINA Y ESCULTURAS DE AMERICA PRECOLOMBINA.;
D;CONGRESO DE TUCUMAN;CHARLES FOUQUERAY ;MURAL CERAMICO;1909;LA RECONQUISTA DE BUENOS AIRES ;
D;CONGRESO DE TUCUMAN;JUAN DANNA;MURAL IN SITU;2015;;
D;CONGRESO DE TUCUMAN; PEDRO SUBERCASEAUX;MURAL CERAMICO;1908;LA CUESTA DE CHACABUCO;
D;JURAMENTO;MARTIN RON;;;;PROXIMAMENTE
D;JURAMENTO;JUAN ANTONIO SPOTORNO;MURAL CERAMICO;1999;LITOGRAFIAS DE BELGRANO;
D;JURAMENTO;JORGE F. SCHWARZ;MURAL CERAMICO;1998;CRUCERO A.R.A. GRAL. BELGRANO;
D;JURAMENTO;CANDIDO LOPEZ;MURAL CERAMICO;1999;ASALTO DE LA CUARTA COLUMNA ARGENTINA A CURUPAYTI EL 22 DE SEPTIEMBRE DE 1866;
D;JURAMENTO;PRIDILIANO PUEYRREDON;MURAL CERAMICO;1861;"UN ALTO EN EL CAMPO;  LAVANDERAS EN EL BAJO DE BELGRANO. ";
D;JOSE HERNANDEZ;RAUL SOLDI;MURAL CERAMICO;1991;EL ENSAYO;
D;JOSE HERNANDEZ;RAUL SOLDI;MURAL CERAMICO;1991;LA MUSICA;
D;JOSE HERNANDEZ;RAUL SOLDI;MURAL CERAMICO;1997;EN EL JARDIN;
D;JOSE HERNANDEZ;RAUL SOLDI;MURAL CERAMICO;1997;LOS AMANTES;
D;JOSE HERNANDEZ;ROGELIO POLESELLO;MURAL CERAMICO;2007;"SIN LIMITES I ; SIN LIMITES II";
D;JOSE HERNANDEZ;HOMENAJE A LIONEL MESSI;MURAL IN SITU, ESCULTURA, PINTURA.;2015;;
D;OLLEROS;JOSEFINA ROBIROSA;MURAL CERAMICO;2004;"PLAZA DE INVIERNO; PLAZA DE VERANO";
D; MINISTRO CARRANZA;NIK;REPRODUCCION, TECNICA MIXTA;2015;GATURROPOLIS;
D; MINISTRO CARRANZA;FERNANDA JATON;MOSAICO;2014;"FLORES DE CARRANZA; LOVE BIRDS; SIN TITULO";
D;PALERMO;RAFAEL CUENCA MUÑOZ;MURAL CERAMICO;1939;ALMERIA, ESPAÑA: LA ESPERA;
D;PALERMO;MILO LOCKETT ;MURAL IN SITU, MURAL EN VENECITAS, REPRODUCCION;2014;SIN TITULO ;
D;PLAZA ITALIA;MARINO SANTA MARIA;MURAL IN SITU, TRENCADI;2014;JARDINES;
D;PLAZA ITALIA;LEONIE MATTHIS DE VILLAR;MURAL CERAMICO;1937;"LA VISITA DEL GOBERNADOR A LAS MISIONES JESUITICAS DE SAN IGNACIO MINI;  BESAMANOS DE LOS CACIQUES; CASAMIENTOS COLECTIVOS EN LA MISION SAN IGNACIO MINI.";
D;PLAZA ITALIA;BENITO QUINQUELA MARTIN;MURAL CERAMICO;1939;"TRABAJO EN EL PUERTO DE BUENOS AIRES; LA DESCARGA DE LOS CONVOYES";
D;PLAZA ITALIA;FRAY GUILLERMO BUTLER;MURAL CERAMICO;1938;CAPILLA EN LA SIERRA  ;
D;PLAZA ITALIA;JOSE MILLE;MURAL CERAMICO;1938;IGLESIA DEL PILAR DE BUENOS AIRES;
D;SCALABRINI ORTIZ;RODOLFO FRANCO;MURAL CERAMICO;1938;"EVOCACIONES DE SALTA; POBLADORES DEL ALTIPLANO";
D;BULNES;CAROLINA ALLENDE;REPRODUCCION, STENCIL;2015;SIN TITULO;
D;BULNES;ALFREDO GUIDO;MURAL CERAMICO;1938;CANCIONES, COSTUMBRES Y LEYENDAS DEL PAIS DE LA SELVA. ARQUEOLOGIA DIAGUITA, LOS VALLES, TUCUMAN, LA ZAFRA DE LA CAÑA Y LOS INGENIOS HACIA 1938;
D;AGUERO;DIEGO GOMEZ POLA;MURAL IN SITU;2015;SIN TITULO;
D;AGUERO;RODOLFO FRANCO;MURAL CERAMICO;1938;"LOS COLONIZADORES; CAMINO A CORDOBA DEL TUCUMAN";
D;PUEYRREDON;"GUSTAVO REINOSO
";MURAL IN SITU;2015;BUENOS AIRES, RELATO DE UNA CIUDAD ARDIENTE;
D;FACULTAD DE MEDICINA;SBASE;REPRODUCCION;2014;DE GUARDIA;
D;FACULTAD DE MEDICINA;ALFREDO GUIDO;MURAL CERAMICO;1938;ROSARIO, SAN LORENZO, LA POSTA, LA TRILLA, LA CHACRA Y SANTA FE HACIA 1836. SANTA FE, EL PUENTE SETUBAL, EL RIO PARANA Y ROSARIO HACIA 1938.;
D;FACULTAD DE MEDICINA;PATRICIA LUMER;MURAL IN SITU;2015;SIN TITULO;
D;CALLAO;SBASE;REPRODUCCION;2014;"L.E.S N 1 DRA. ALICIA MOREAU DE JUSTO; PALACIO DE AGUAS ARGENTINAS; PALACIO SARMIENTO; PALACIO PIZZURNO";
D;CALLAO;REMO BIANCHEDI;MURAL EN VENECITAS;2005;"NO MAS LAGRIMAS; SERIE INCENDIO EN EL CASTILLO DE IMMENDORF (5 OBRAS); CUERVOS; SOFIA.";
D;TRIBUNALES;SBASE;REPRODUCCION;2014;"TEATRO COLON; PALACIO DE LA JUSTICIA";
D;TRIBUNALES;JUAN DANNA ;MURAL IN SITU;2014 Y 2015;ALEGORIA OPERA BOMARZO DE A. GINASTERA. ALEGORIA A LA JUSTICIA;
D;TRIBUNALES;RODOLFO FRANCO;MURAL CERAMICO;1937;"GARAY Y MENDOZA; AMERICA Y ESPAÑA.";
D;9 DE JULIO;ALFREDO GUIDO;MURAL CERAMICO;1936;SAN JOSE DE FLORES Y LUJAN, LA QUINTA Y EL RANCHO EN 1835. LUJAN, SUS CEREALES Y EL RIO DE LA PLATA HACIA 1936;
D;CATEDRAL;SBASE;REPRODUCCION FOTOGRAFICA;2014;;
D;CATEDRAL;MARTIN RON;MURAL IN SITU;2014;SIN TITULO;
D;CATEDRAL;RODOLFO FRANCO;MURAL CERAMICO;1936;BUENOS AIRES EN 1830 BUENOS AIRES EN 1936;
E;PLAZA DE LOS VIRREYES;MARIANO RODRIGUEZ CEVALLOS;MURAL IN SITU  ;2015;YENDO A LABURAR;
E;VARELA;MARIANA SAVASO;PINTURA ACRILICA;2015;"GATO SOBRE RAMA; PAJAROS SOBRE CABLE; PECES; LECHUZAS; GATOS; MARIPOSAS Y LIBELULAS; PAJAROS SOBRE ARBOL; PAJAROS VOLANDO; SIN TITULO.";
E;MEDALLA MILAGROSA;ALEXIS MINKIEWICZ;STENCIL;2014;LA EMANCIPACION DE LOS TRABAJADORES HA DE SER OBRA DE LOS TRABAJADORES MISMOS.;
E;MEDALLA MILAGROSA;JORGE MARTORELL;PINTURA ACRILICA Y VINO;2015;"PIEDAD, JESUS; PIEDAD, MARIA; SACRE COEUR CON ANGEL DE LA GUARDA I Y II; TU ERES MI PADRE?; TU ERES MI MADRE?";
E;MEDALLA MILAGROSA;SANTIAGO GARCIA SAENZ;MURAL CERAMICO;2001;"MEDALLA MILAGROSA; VIRGEN DE LOS MILAGROS, ¡ROGAD POR NOSOTROS!";
E;EMILIO MITRE;PATRICIA DI LORETO;REPRODUCCION;2015;"FIESTAS, ELEFANTES Y VESTIDOS DE SEDA; PESCADITOS DE ORO;
LA GRAN AURORA; LOS MIRONES; ZAFIROS, AMATISTAS, ESMERALDAS EN EL OSCURO EROTISMO DE LA VIDA.";
E;EMILIO MITRE;INES ESTRELLA;MURAL IN SITU  ;1988;AMANECE;
E;JOSE MARIA MORENO;DARIO ZANNA;MURAL IN SITU  ;2015;HOMENAJE AL TRANVIA;
E;JOSE MARIA MORENO;CARLOS BENVENUTO;MURAL CERAMICO  ;1973;DOCTOR JOSE MARIA MORENO;
E;AV. LA PLATA;MARINA TORTOLA;MURAL IN SITU  ;2015;COMO ES ARRIBA ES ABAJO. COMO ES ADENTRO ES AFUERA;
E;BOEDO;PEDRO CUEVAS;MURAL IN SITU  ;2015;BOEDO Y TODO EL CIELO;
E;BOEDO;ALFREDO GUIDO;MURAL CERAMICO  ;1959;BOEDO A MEDIADOS DEL SIGLO XIX;
E;BOEDO;PRIMALDO MONACO;MURAL CERAMICO  ;1959;NIÑOS JUGANDO;
E;GRAL. URQUIZA;EMILIO FATUZZO ;MURAL IN SITU  ;2015;;
E;GRAL. URQUIZA;LEONIE MATTHIS DE VILLAR;MURAL CERAMICO;1938;"LA BATALLA DE CASEROS; ENTRADA TRIUNFAL DEL GENERAL URQUIZA EN BUENOS AIRES. ";
E;JUJUY;JUAN DANNA;MURAL IN SITU  ;2015;HOMENAJE A LOS PUEBLOS ORIGINARIOS;
E;JUJUY;ALEJANDRO SIRIO;MURAL CERAMICO;1939;"JUJUY: LOS GAUCHOS NORTEÑOS; JUJUY: SUS RIQUEZAS NATURALES. ";
E;PICHINCHA;RAFAEL CUENCA MUÑOZ;MURAL CERAMICO;1939;"VISTAS DEL PICHINCHA EN ECUADOR I ;VISTAS DEL PICHINCHA EN ECUADOR II ;";
E;PICHINCHA;FEDERICO MINUCHIN ;MURAL IN SITU, STENCIL  ;2015;;
E;ENTRE RIOS - RODOLFO WALSH;ANTONIO ORTIZ ECHAGUE;MURAL CERAMICO;1939;"FUNDACION DE PUEBLOS EN LA PAMPA; LA CONQUISTA DEL DESIERTO.";
E;SAN JOSE;JULIA GARIBALDI;MURAL IN SITU  ;2014;MOEBIUS;
E;SAN JOSE;OTTO DURA;MURAL CERAMICO;1939;"LOS LAGOS DEL SUR; LAS CATARATAS DEL IGUAZU.";
E;INDEPENDENCIA;ANTONIO SEGUI ;MURAL CERAMICO;2011;SALIENDO;
E;INDEPENDENCIA;"CLAUDIO RONCOLI
";;2015;SIEMPRE ES HOY;
E;BELGRANO;MARIANO FERRANTE;;2015;COSMORAMA 2015;CURADOR: SANTIAGO BENGOLEA
E;BELGRANO;BANDERA ARGENTINA;;;;
E;BOLIVAR;ANA HECHTLINGER;MURAL;2015;CONSTRUYENDO UNA SOCIEDAD IGUALITARIA;
E;BOLIVAR;JUAN HOFF;INSTALACION;2015;VELOCIDAD SUBTERRANEA;
E;BOLIVAR;ESCUELA NRO 22;MURAL CERAMICO;1986;LA FAMILIA;
H;LAS HERAS;MARINO SANTA MARIA;MURAL EN VENECITAS;2015;TRASLACION – DONDE HABITA EL FRAGMENTO  ;
H;CORDOBA;MANUEL AMEZTOY, ERNESTO ARELLANO;MURAL CERAMICO;2015;"EL DIA QUE ME QUIERAS; AMABLEMENTE; SUR";
H;CORRIENTES;JORGE MUSCIA, ALFREDO MARTINEZ;ACRILICO SOBRE TELA;2007;GARDEL - DISCEPOLO. SIGLO XX, DISCEPOLO, CAMBALACHE;
H;ONCE- 30 DE DICIEMBRE;HERMENEGILDO SABAT;REPRODUCCION;2007;"TROILO – PIAZZOLLA; TROILO - GOÑI – FIORENTINO; JOSE MARIACONTURSI Y ENRIQUE CADICAMO; TROILO Y SUS CANTORES: EDMUNDO RIVERO Y ROBERTO GOYENECHE; FRANCISCO FIORENTINO Y RAUL BERON; TROILO NIÑO; TROILO Y SUS CANTORES: ALBERTO MARINO Y FLOREAL RUIZ; TROILO Y HOMERO MANZI; TROILO Y EL FUELLE.";
H;ONCE- 30 DE DICIEMBRE;JUAN VERA, RODOLFO ROZENGARDT, DIANA SANTOS, DELIA GARCIA DE FUCCI, DANIELA PAULA GONZALEZ, LUIS DAMIAN SANTARAN, FERNANDO DE LA ORDEN, NICOLAS POSTHOUMIS, MIGUEL REPISO (REP), NATALIA REVALE, CARINA BATAGELI, SERGIO CENA, JAVIER DEL OLMO;REPRODUCCION, MURAL EN VENECITAS, DIBUJO EN PAPEL GRAFITO;2016;"JUAN VERA: MULTITUD; BANDERA;JUSTICIA (PLOTEOS). RODOLFO ROZENGARDT: PRESENTES; RECLAMOS JUSTICIA (PLOTEOS). DIANA SANTOS: UN SOL PARA LOS CHICOS DE CROMAÑON (PLOTEO). DELIA GARCIA DE FUCCI: ALEGRE REBELDIA (MURAL VENECITAS). DANIELA PAULA GONZALEZ: Y UNA TARDE OLVIDE TU VOZ (DIBUJO EN PAPEL GRAFITOS). LUIS DAMIAN SANTARAN: ZAPATILLAS MEMORIA VERDAD Y JUSTICIA (PLOTEO). FERNANDO DE LA ORDEN: ZAPATILLAS DE CROMAÑON (PLOTEO). MIGUEL REPISO (REP): CROMAÑON (PLOTEO). NICOLAS POSTHOUMIS: CROMAÑON (PLOTEO). NATALIA REVALE Y JAVIEL DEL OLMO: 194 (PLOTEO). SEGIO CENA: PRESENTES EN LUCHA;PRESENTES; TOPEROLAS (PLOTEO). CARINA BATAGELI: SOMBRAS (PLOTEO). NATALIA Y JAVIER DEL OLMO: COMETA (MURAL EN VENECITAS).";
H;VENEZUELA;CARLOS NINE;REPRODUCCION;2007;"EL ESPIANTE; VIDA MIA; SUS CANTORES; LEOPOLDO THOMPSON- JUAN C. COBIAN- EDUARDO AROLAS-JOSE MARIA RIZZUTI-MANLIO FRANCIA; PAMPERO; DESDE LAS NUBES - AROMAS - OSVALDO FRESEDO Y CARLOS DI SARLI; ORQUESTA TIPICA SELECT; SOLLOZOS; PIMIENTA; SIEMPRE ES CARNAVAL.";
H;HUMBERTO I;OSCAR GRILLO;REPRODUCCION;2007;"CANARO JOVEN; CANARO ADULTO; HALCON NEGRO; PINTA BRAVA: CANARO EN PARIS; MILONGA CON VARIACION; MADRESELVA; YO NO SE QUE ME HABRAN HECHO TUS OJOS.";
H;INCLAN;ALFREDO SABAT;REPRODUCCION;2007;"TANGO;OVIDIO BIANQUET, EL CACHAFAZ, JUNTO A CARMENCITA CALDERON Y AZUCENA MAIZANI JUNTO A SU GRAN AMIGO, CARLOS GARDEL; FRISO I; FRISO II; AZUCENA MAIZANI JUNTO A PEPE ARIAS Y LUIS SANDRINI; AZUCENA MAIZANI - JUAN DE DIOS FILIBERTO - ALBERTO GOMEZ - JUAN SARCIONE; AZUCENA MAIZANI, TITA MERELLO Y CHARLO; AZUCENA MAIZANI - TITA MERELLO - LIBERTAD LAMARQUE - MERCEDES SIMONE.";
H;CASEROS;HERMENEGILDO SABAT;REPRODUCCION;2007;"SIN TITULO 1; SIN TITULO2; EDUARDO AROLAS Y JULIO DE CARO; JULIO DE CARO Y JUAN CARLOS COBIAN; JULIO DE CARO Y UN NIÑO LLAMADO ASTOR PIAZZOLLA; PEDRO MAFFIA Y LUIS PETRUCELLI. EL FABULOSO SEXTETO JULIO DE CARO.";
H;PARQUE PATRICIOS;LEANDRO FRIZZERA;OBRA ORIGINAL;2011;PACHAMAMA;
H;PARQUE PATRICIOS;MARTIN RON;OBRA ORIGINAL;2011;EL EKEKO;
H;PARQUE PATRICIOS;NIEVES FRAGA;OBRA ORIGINAL;2011;LA TELESITA;
H;PARQUE PATRICIOS;EMILIANO MARIANI;OBRA ORIGINAL;2011;ELENGASEM;
H;PARQUE PATRICIOS;DIEGO CIRULLI;OBRA ORIGINAL;2011;JASI JATERE;
H;PARQUE PATRICIOS;ALFREDO SEGATORI;OBRA ORIGINAL;2011;COQUENA;
H;PARQUE PATRICIOS;MARCELLO MORTAROTTI;OBRA ORIGINAL;2011;BRILLANTES RECUERDOS DE BUENOS AIRES I. BRILLANTES RECUERDOS DE BUENOS AIRES II. ;
H;PARQUE PATRICIOS;RICARDO CARPANI;REPRODUCCION;2011;QUIENES SOMOS, DE DONDE VENIMOS Y ADONDE VAMOS.;
H;HOSPITALES;MARTIN RON, LEANDRO FRIZZERA;MURAL IN SITU;2013;"ANGEL VILLOLDO; TITA MERELLO";
P;CENTRO DE TRANSFERENCIA INTENDENTE JULIO SAGUIER ;JUAN DANNA;MURAL ;2016;AYNI;
P;CENTRO DE TRANSFERENCIA INTENDENTE JULIO SAGUIER ;MARTIN RON;MURAL ;2016;SAINT FELIPE;
P;CENTRO DE TRANSFERENCIA INTENDENTE JULIO SAGUIER ;JAQUELINA ABRAHAM;MURAL ;2016;TATAU, TESTIMONIOS EN TINTA;
